universidad_nombre,institucion_nombre,institucion_direccion,api,coordenadas,Unnamed: 5,Unnamed: 6,Unnamed: 7,Unnamed: 8,Unnamed: 9,Unnamed: 10,Unnamed: 11,Unnamed: 12,Unnamed: 13,Unnamed: 14,Unnamed: 15,Unnamed: 16,Unnamed: 17,Unnamed: 18,Unnamed: 19,Unnamed: 20,Unnamed: 21,Unnamed: 22,Unnamed: 23,Unnamed: 24,Unnamed: 25,lat,lon,departamento_id_x,departamento_nombre_x,municipio_id_x,municipio_nombre_x,provincia_id_x,provincia_nombre_x,latitud_x,longitud_x,departamento_id_y,departamento_nombre_y,municipio_id_y,municipio_nombre_y,provincia_id_y,provincia_nombre_y,latitud_y,longitud_y
Escuela Universitaria de Teologia,Escuela Universitaria de Teologia,Pasaje Catedral 1750,,"-36.4494181,-57.7686044",,,,,,,,,,,,,,,,,,,,,,-36.4494181,-57.7686044,6238.0,Dolores,60238.0,Dolores,6.0,Buenos Aires,-36.4494181,-57.7686044,06238,Dolores,060238,Dolores,06,Buenos Aires,-36.4494181,-57.7686044
Facultad Latinoamericana de Ciencias Sociales,Facultad Latinoamericana de Ciencias Sociales,Tucuman 1966,,"-34.6021735,-58.3972997",,,,,,,,,,,,,,,,,,,,,,-34.6021735,-58.3972997,2021.0,Comuna 3,,,2.0,Ciudad Autonoma de Buenos Aires,-34.6021735,-58.3972997,02021,Comuna 3,,,02,Ciudad Autónoma de Buenos Aires,-34.6021735,-58.3972997
Instituto Tecnologico de Buenos Aires,Instituto Tecnologico de Buenos Aires,Av. Eduardo Madero 399,http://apis.datos.gob.ar/georef/api/direcciones?direccion=Av. Eduardo Madero 399&provincia=2,"-34.6028340446427,-58.368183272295",,,,,,,,,,,,,,,,,,,,,,-34.6028340446427,-58.368183272295,2007.0,Comuna 1,,,2.0,Ciudad Autonoma de Buenos Aires,-34.6028340446427,-58.368183272295,02007,Comuna 1,,,02,Ciudad Autónoma de Buenos Aires,-34.6028340446427,-58.368183272295
Instituto Universitario Aeronautico,Instituto Universitario Aeronautico,Av. Fuerza Aerea Argentina 6500,http://apis.datos.gob.ar/georef/api/direcciones?direccion=Av. Fuerza Aerea Argentina 6500&provincia=14,"-31.4337174,-64.2779779",,,,,,,,,,,,,,,,,,,,,,-31.4337174,-64.2779779,14014.0,Capital,140077.0,Cordoba,14.0,Cordoba,-31.4337174,-64.2779779,14014,Capital,140077,Córdoba,14,Córdoba,-31.4337174,-64.2779779
Instituto Universitario CEMIC,Instituto Universitario CEMIC,Valdenegro 4337,,"-34.5547176,-58.4972877",,,,,,,,,,,,,,,,,,,,,,-34.5547176,-58.4972877,2084.0,Comuna 12,,,2.0,Ciudad Autonoma de Buenos Aires,-34.554717600000004,-58.4972877,02084,Comuna 12,,,02,Ciudad Autónoma de Buenos Aires,-34.5547176,-58.4972877
Instituto Universitario de Ciencias Biomedicas de Cordoba,Instituto Universitario de Ciencias Biomedicas de Cordoba,Naciones Unidas 400-440,,"-31.4421202,-64.2033758",,,,,,,,,,,,,,,,,,,,,,-31.4421202,-64.2033758,14014.0,Capital,140077.0,Cordoba,14.0,Cordoba,-31.442120199999998,-64.20337579999999,14014,Capital,140077,Córdoba,14,Córdoba,-31.4421202,-64.2033758
Instituto Universitario de Ciencias de la Salud de la Fundacion Barcelo,Instituto Universitario de Ciencias de la Salud de la Fundacion Barcelo,Av. Gral. Las Heras 1907,,"-34.5951617,-58.4021427",,,,,,,,,,,,,,,,,,,,,,-34.5951617,-58.4021427,2014.0,Comuna 2,,,2.0,Ciudad Autonoma de Buenos Aires,-34.595161700000006,-58.402142700000006,02014,Comuna 2,,,02,Ciudad Autónoma de Buenos Aires,-34.5951617,-58.4021427
Instituto Universitario de Gendarmeria Nacional,Instituto Universitario de Gendarmeria Nacional,Av. Paseo Colon 533,,"-34.6142528,-58.371724",,,,,,,,,,,,,,,,,,,,,,-34.6142528,-58.371724,2007.0,Comuna 1,,,2.0,Ciudad Autonoma de Buenos Aires,-34.614252799999996,-58.371724,02007,Comuna 1,,,02,Ciudad Autónoma de Buenos Aires,-34.6142528,-58.371724
Instituto Universitario de la Policia Federal Argentina,Instituto Universitario de la Policia Federal Argentina,Rosario 532,,"-34.6196133,-58.4382653",,,,,,,,,,,,,,,,,,,,,,-34.6196133,-58.4382653,2042.0,Comuna 6,,,2.0,Ciudad Autonoma de Buenos Aires,-34.6196133,-58.43826529999999,02042,Comuna 6,,,02,Ciudad Autónoma de Buenos Aires,-34.6196133,-58.4382653
Instituto Universitario de Salud Mental de la Asociacion Psicoanalitica de Buenos Aires,Instituto Universitario de Salud Mental de la Asociacion Psicoanalitica de Buenos Aires,Baez 248,,"-34.567895,-58.4361568",,,,,,,,,,,,,,,,,,,,,,-34.567895,-58.4361568,2098.0,Comuna 14,,,2.0,Ciudad Autonoma de Buenos Aires,-34.567895,-58.4361568,02098,Comuna 14,,,02,Ciudad Autónoma de Buenos Aires,-34.567895,-58.4361568
Instituto Universitario de Seguridad Maritima,Instituto Universitario de Seguridad Maritima,Av. Corrientes 345,,"-34.6030978,-58.3739408",,,,,,,,,,,,,,,,,,,,,,-34.6030978,-58.3739408,2007.0,Comuna 1,,,2.0,Ciudad Autonoma de Buenos Aires,-34.60309779999999,-58.37394079999999,02007,Comuna 1,,,02,Ciudad Autónoma de Buenos Aires,-34.6030978,-58.3739408
"Instituto Universitario del Ejercito ""Mayor Francisco Romero""","Instituto Universitario del Ejercito ""Mayor Francisco Romero""",Av. Cabildo 65,http://apis.datos.gob.ar/georef/api/direcciones?direccion=Av. Cabildo 65&provincia=2,"-34.57439170160686,-58.43650022052455",,,,,,,,,,,,,,,,,,,,,,-34.57439170160686,-58.43650022052455,2098.0,Comuna 14,,,2.0,Ciudad Autonoma de Buenos Aires,-34.5743917016069,-58.4365002205246,02098,Comuna 14,,,02,Ciudad Autónoma de Buenos Aires,-34.57439170160686,-58.43650022052455
Instituto Universitario del Gran Rosario,Instituto Universitario del Gran Rosario,Corrientes 1254,,"-32.9512965,-60.6460659",,,,,,,,,,,,,,,,,,,,,,-32.9512965,-60.6460659,82084.0,Rosario,,,82.0,Santa Fe,-32.951296500000005,-60.646065899999996,82084,Rosario,,,82,Santa Fe,-32.9512965,-60.6460659
Instituto Universitario Escuela Argentina de Negocios,Instituto Universitario Escuela Argentina de Negocios,Av. Cordoba 1690,,"-34.5997447,-58.3934405",,,,,,,,,,,,,,,,,,,,,,-34.5997447,-58.3934405,2021.0,Comuna 3,,,2.0,Ciudad Autonoma de Buenos Aires,-34.5997447,-58.393440500000004,02021,Comuna 3,,,02,Ciudad Autónoma de Buenos Aires,-34.5997447,-58.3934405
Instituto Universitario Escuela de Medicina del Hospital Italiano,Instituto Universitario Escuela de Medicina del Hospital Italiano,Potosi 4265,,"-34.6071979,-58.4291149",,,,,,,,,,,,,,,,,,,,,,-34.6071979,-58.4291149,2035.0,Comuna 5,,,2.0,Ciudad Autonoma de Buenos Aires,-34.6071979,-58.429114899999995,02035,Comuna 5,,,02,Ciudad Autónoma de Buenos Aires,-34.6071979,-58.4291149
Instituto Universitario Escuela Superior de Economia y Administracion de Empresas,Instituto Universitario Escuela Superior de Economia y Administracion de Empresas,Uriarte 2472,,"-34.5809241,-58.4253568",,,,,,,,,,,,,,,,,,,,,,-34.5809241,-58.4253568,2098.0,Comuna 14,,,2.0,Ciudad Autonoma de Buenos Aires,-34.580924100000004,-58.425356799999996,02098,Comuna 14,,,02,Ciudad Autónoma de Buenos Aires,-34.5809241,-58.4253568
Instituto Universitario ISEDET,Instituto Universitario ISEDET,Camacua 282,,"-34.6307959,-58.4656187",,,,,,,,,,,,,,,,,,,,,,-34.6307959,-58.4656187,2049.0,Comuna 7,,,2.0,Ciudad Autonoma de Buenos Aires,-34.630795899999995,-58.4656187,02049,Comuna 7,,,02,Ciudad Autónoma de Buenos Aires,-34.6307959,-58.4656187
Instituto Universitario Italiano de Rosario,Instituto Universitario Italiano de Rosario,Crespo 843,,"-32.9415838,-60.6705633",,,,,,,,,,,,,,,,,,,,,,-32.9415838,-60.6705633,82084.0,Rosario,,,82.0,Santa Fe,-32.9415838,-60.67056329999999,82084,Rosario,,,82,Santa Fe,-32.9415838,-60.6705633
"Instituto Universitario Nacional de Derechos Humanos ""Madres de Plaza de Mayo""","Instituto Universitario Nacional de Derechos Humanos ""Madres de Plaza de Mayo""",Av. Pueyrredon 19,,"-34.6097284,-58.4079993",,,,,,,,,,,,,,,,,,,,,,-34.6097284,-58.4079993,2021.0,Comuna 3,,,2.0,Ciudad Autonoma de Buenos Aires,-34.6097284,-58.4079993,02021,Comuna 3,,,02,Ciudad Autónoma de Buenos Aires,-34.6097284,-58.4079993
Instituto Universitario Nacional del Arte,Instituto Universitario Nacional del Arte,Azcuenaga 1129,,"-34.5946906,-58.4018519",,,,,,,,,,,,,,,,,,,,,,-34.5946906,-58.4018519,2014.0,Comuna 2,,,2.0,Ciudad Autonoma de Buenos Aires,-34.5946906,-58.4018519,02014,Comuna 2,,,02,Ciudad Autónoma de Buenos Aires,-34.5946906,-58.4018519
Instituto Universitario Naval,Instituto Universitario Naval,Francisco Narciso de Laprida 555,,"-34.5945248,-58.469703",,,,,,,,,,,,,,,,,,,,,,-34.5945248,-58.469703,2105.0,Comuna 15,,,2.0,Ciudad Autonoma de Buenos Aires,-34.594524799999995,-58.469703,02105,Comuna 15,,,02,Ciudad Autónoma de Buenos Aires,-34.5945248,-58.469703
Instituto Universitario Patagonico de las Artes,Instituto Universitario Patagonico de las Artes,"Rivadavia 2263,",,"-39.0178878,-67.5960898",,,,,,,,,,,,,,,,,,,,,,-39.0178878,-67.5960898,62042.0,General Roca,620161.0,Gral. Roca,62.0,Rio Negro,-39.0178878,-67.59608979999999,62042,General Roca,620161,Gral. Roca,62,Río Negro,-39.0178878,-67.5960898
Instituto Universitario River Plate,Instituto Universitario River Plate,Av. Pres. Figueroa Alcorta 7597,,"-34.5453018,-58.4519636",,,,,,,,,,,,,,,,,,,,,,-34.5453018,-58.4519636,2091.0,Comuna 13,,,2.0,Ciudad Autonoma de Buenos Aires,-34.5453018,-58.451963600000006,02091,Comuna 13,,,02,Ciudad Autónoma de Buenos Aires,-34.5453018,-58.4519636
Pontificia Universidad Catolica Argentina Santa Maria de los Buenos Aires,Pontificia Universidad Catolica Argentina Santa Maria de los Buenos Aires,AvENIDA Alicia Moreau de Justo 1600,http://apis.datos.gob.ar/georef/api/direcciones?direccion=AvENIDA Alicia Moreau de Justo 1600&provincia=2,"-34.6148453,-58.3668853",,,,,,,,,,,,,,,,,,,,,,-34.6148453,-58.3668853,2007.0,Comuna 1,,,2.0,Ciudad Autonoma de Buenos Aires,-34.6148453,-58.3668853,02007,Comuna 1,,,02,Ciudad Autónoma de Buenos Aires,-34.6148453,-58.3668853
Universidad  Favaloro,Universidad  Favaloro,Av. Entre Rios 495,,"-34.6148113,-58.3940258",,,,,,,,,,,,,,,,,,,,,,-34.6148113,-58.3940258,2021.0,Comuna 3,,,2.0,Ciudad Autonoma de Buenos Aires,-34.61481129999999,-58.394025799999994,02021,Comuna 3,,,02,Ciudad Autónoma de Buenos Aires,-34.6148113,-58.3940258
Universidad Abierta Interamericana,Universidad Abierta Interamericana,Av. San Juan 951,http://apis.datos.gob.ar/georef/api/direcciones?direccion=Av. San Juan 951&provincia=2,"-34.6221199173329, -58.379325181549746",,,,,,,,,,,,,,,,,,,,,,-34.6221199173329, -58.379325181549746,2007.0,Comuna 1,,,2.0,Ciudad Autonoma de Buenos Aires,-34.622119917332896,-58.3793251815497,02007,Comuna 1,,,02,Ciudad Autónoma de Buenos Aires,-34.6221199173329, -58.379325181549746
Universidad Adventista del Plata,Universidad Adventista del Plata,25 de mayo 99,http://apis.datos.gob.ar/georef/api/direcciones?direccion=25 de mayo 99,"-32.0759594,-60.4665987",,,,,,,,,,,,,,,,,,,,,,-32.0759594,-60.4665987,30021.0,Diamante,,,30.0,Entre Rios,-32.075959399999995,-60.466598700000006,30021,Diamante,,,30,Entre Ríos,-32.0759594,-60.4665987
Universidad Argentina de la Empresa,Universidad Argentina de la Empresa,Lima 775,http://apis.datos.gob.ar/georef/api/direcciones?direccion=Lima 775,"-34.6173746323554,-58.381525671564",,,,,,,,,,,,,,,,,,,,,,-34.6173746323554,-58.381525671564,2007.0,Comuna 1,,,2.0,Ciudad Autonoma de Buenos Aires,-34.6173746323554,-58.381525671564,02007,Comuna 1,,,02,Ciudad Autónoma de Buenos Aires,-34.6173746323554,-58.381525671564
Universidad Argentina John F. Kennedy,Universidad Argentina John F. Kennedy,Bartolome Mitre 1411,http://apis.datos.gob.ar/georef/api/direcciones?direccion=Bartolome Mitre 1411&provincia=2,"-34.60762266844467,-58.38645625343852",,,,,,,,,,,,,,,,,,,,,,-34.60762266844467,-58.38645625343852,2007.0,Comuna 1,,,2.0,Ciudad Autonoma de Buenos Aires,-34.6076226684447,-58.3864562534385,02007,Comuna 1,,,02,Ciudad Autónoma de Buenos Aires,-34.60762266844467,-58.38645625343852
Universidad Atlantida Argentina,Universidad Atlantida Argentina,Belgrano 89,http://apis.datos.gob.ar/georef/api/direcciones?direccion=Belgrano 89&provincia=6,"-37.1552476,-57.7427199",,,,,,,,,,,,,,,,,,,,,,-37.1552476,-57.7427199,6518.0,Mar Chiquita,60518.0,Mar Chiquita,6.0,Buenos Aires,-37.1552476,-57.742719900000004,06518,Mar Chiquita,060518,Mar Chiquita,06,Buenos Aires,-37.1552476,-57.7427199
Universidad Austral,Universidad Austral,Mariano Acosta 1611,http://apis.datos.gob.ar/georef/api/direcciones?direccion=Mariano Acosta 1611&provincia=6,"-34.47094214462022, -58.847032888622834",,,,,,,,,,,,,,,,,,,,,,-34.47094214462022, -58.847032888622834,6638.0,Pilar,60638.0,Pilar,6.0,Buenos Aires,-34.470942144620196,-58.8470328886228,06638,Pilar,060638,Pilar,06,Buenos Aires,-34.47094214462022, -58.847032888622834
Universidad Autonoma de Entre rios,Universidad Autonoma de Entre rios,Gral. Justo Jose de Urquiza 732,http://apis.datos.gob.ar/georef/api/direcciones?direccion=Gral. Justo Jose de Urquiza 732,"-32.0752125,-61.5334031",,,,,,,,,,,,,,,,,,,,,,-32.0752125,-61.5334031,82126.0,San Martin,824044.0,Cañada Rosquin,82.0,Santa Fe,-32.0752125,-61.533403099999994,82126,San Martín,824044,Cañada Rosquín,82,Santa Fe,-32.0752125,-61.5334031
Universidad Blas Pascal,Universidad Blas Pascal,Rodriguez Peña 1085,http://apis.datos.gob.ar/georef/api/direcciones?direccion=Rodriguez Peña 1085&provincia=2,"-34.59603749231513,-58.39193924933041",,,,,,,,,,,,,,,,,,,,,,-34.59603749231513,-58.39193924933041,2014.0,Comuna 2,,,2.0,Ciudad Autonoma de Buenos Aires,-34.596037492315105,-58.3919392493304,02014,Comuna 2,,,02,Ciudad Autónoma de Buenos Aires,-34.59603749231513,-58.39193924933041
Universidad CAECE,Universidad CAECE,Av. de Mayo 866,http://apis.datos.gob.ar/georef/api/direcciones?direccion=Av. de Mayo 866,"-34.608865810462795,-58.378716306442456",,,,,,,,,,,,,,,,,,,,,,-34.608865810462795,-58.378716306442456,2007.0,Comuna 1,,,2.0,Ciudad Autonoma de Buenos Aires,-34.6088658104628,-58.3787163064425,02007,Comuna 1,,,02,Ciudad Autónoma de Buenos Aires,-34.608865810462795,-58.378716306442456
Universidad Catolica de Cordoba,Universidad Catolica de Cordoba,Obispo Trejo 323,http://apis.datos.gob.ar/georef/api/direcciones?direccion=Obispo Trejo 323&provincia=14,"-31.4527657,-64.2513093",,,,,,,,,,,,,,,,,,,,,,-31.4527657,-64.2513093,14014.0,Capital,140077.0,Cordoba,14.0,Cordoba,-31.4527657,-64.2513093,14014,Capital,140077,Córdoba,14,Córdoba,-31.4527657,-64.2513093
Universidad Catolica de Cuyo,Universidad Catolica de Cuyo,Av. Jose Ignacio de la Roza 1516,http://apis.datos.gob.ar/georef/api/direcciones?direccion=Av. Jose Ignacio de la Roza 1516,"-31.5403667,-68.5882198",,,,,,,,,,,,,,,,,,,,,,-31.5403667,-68.5882198,70084.0,Rivadavia,700084.0,Rivadavia,70.0,San Juan,-31.5403667,-68.5882198,70084,Rivadavia,700084,Rivadavia,70,San Juan,-31.5403667,-68.5882198
Universidad Catolica de La Plata,Universidad Catolica de La Plata,Av. 13 1227,http://apis.datos.gob.ar/georef/api/direcciones?direccion=Av. 13 1227&provincia=6,"-34.924457391060656, -57.950327388915824",,,,,,,,,,,,,,,,,,,,,,-34.924457391060656, -57.950327388915824,6441.0,La Plata,60441.0,La Plata,6.0,Buenos Aires,-34.9244573910607,-57.950327388915795,06441,La Plata,060441,La Plata,06,Buenos Aires,-34.924457391060656, -57.950327388915824
Universidad Catolica de las Misiones,Universidad Catolica de las Misiones,Av. Jauretche 3300,,"-27.3558553,-55.9417525",,,,,,,,,,,,,,,,,,,,,,-27.3558553,-55.9417525,54028.0,Capital,540119.0,Posadas,54.0,Misiones,-27.3558553,-55.9417525,54028,Capital,540119,Posadas,54,Misiones,-27.3558553,-55.9417525
Universidad Catolica de Salta,Universidad Catolica de Salta,Av. Presidente Roque Saenz Peña 950,http://apis.datos.gob.ar/georef/api/direcciones?direccion=Av. Presidente Roque Saenz Peña 950&provincia=2,"-24.7399552,-65.3940334",,,,,,,,,,,,,,,,,,,,,,-24.7399552,-65.3940334,66028.0,Capital,660063.0,Salta,66.0,Salta,-24.7399552,-65.3940334,66028,Capital,660063,Salta,66,Salta,-24.7399552,-65.3940334
Universidad Catolica de Santa Fe,Universidad Catolica de Santa Fe,Echagüe 7151,http://apis.datos.gob.ar/georef/api/direcciones?direccion=Echagüe 7151&provincia=82,"-31.607095036472234, -60.67088878632154",,,,,,,,,,,,,,,,,,,,,,-31.607095036472234, -60.67088878632154,82063.0,La Capital,820147.0,Santa Fe,82.0,Santa Fe,-31.607095036472202,-60.6708887863215,82063,La Capital,820147,Santa Fe,82,Santa Fe,-31.607095036472234, -60.67088878632154
Universidad Catolica de Santiago del Estero,Universidad Catolica de Santiago del Estero,Rivadavia 578,http://apis.datos.gob.ar/georef/api/direcciones?direccion=Rivadavia 578&provincia=6,"-34.46911816523541,-58.51514668806574",,,,,,,,,,,,,,,,,,,,,,-34.46911816523541,-58.51514668806574,6756.0,San Isidro,60756.0,San Isidro,6.0,Buenos Aires,-34.4691181652354,-58.5151466880657,06756,San Isidro,060756,San Isidro,06,Buenos Aires,-34.46911816523541,-58.51514668806574
Universidad Champagnat,Universidad Champagnat,Belgrano 721,http://apis.datos.gob.ar/georef/api/direcciones?direccion=Belgrano 721,"-33.8848483,-67.5266833",,,,,,,,,,,,,,,,,,,,,,-33.8848483,-67.5266833,50112.0,Santa Rosa,500112.0,Santa Rosa,50.0,Mendoza,-33.884848299999994,-67.5266833,50112,Santa Rosa,500112,Santa Rosa,50,Mendoza,-33.8848483,-67.5266833
Universidad de Belgrano,Universidad de Belgrano,Zabala 1837,http://apis.datos.gob.ar/georef/api/direcciones?direccion=Zabala 1837&provincia=2,"-34.564446626972675,-58.44400348234273",,,,,,,,,,,,,,,,,,,,,,-34.564446626972675,-58.44400348234273,2091.0,Comuna 13,,,2.0,Ciudad Autonoma de Buenos Aires,-34.564446626972696,-58.4440034823427,02091,Comuna 13,,,02,Ciudad Autónoma de Buenos Aires,-34.564446626972675,-58.44400348234273
Universidad de Buenos Aires,Universidad de Buenos Aires,Viamonte 430,http://apis.datos.gob.ar/georef/api/direcciones?direccion=Viamonte 430&provincia=2,"-34.59971093266858,-58.37308898582941",,,,,,,,,,,,,,,,,,,,,,-34.59971093266858,-58.37308898582941,2007.0,Comuna 1,,,2.0,Ciudad Autonoma de Buenos Aires,-34.5997109326686,-58.3730889858294,02007,Comuna 1,,,02,Ciudad Autónoma de Buenos Aires,-34.59971093266858,-58.37308898582941
Universidad de Ciencias Empresariales y Sociales,Universidad de Ciencias Empresariales y Sociales,Paraguay 1401,http://apis.datos.gob.ar/georef/api/direcciones?direccion=Paraguay 1401&provincia=2,"-34.5982797695651,-58.3869599869626",,,,,,,,,,,,,,,,,,,,,,-34.5982797695651,-58.3869599869626,2014.0,Comuna 2,,,2.0,Ciudad Autonoma de Buenos Aires,-34.5982797695651,-58.3869599869626,02014,Comuna 2,,,02,Ciudad Autónoma de Buenos Aires,-34.5982797695651,-58.3869599869626
Universidad de Concepcion del Uruguay,Universidad de Concepcion del Uruguay,8 de Junio 522,,"-32.4815741,-58.2318849",,,,,,,,,,,,,,,,,,,,,,-32.4815741,-58.2318849,30098.0,Uruguay,,,30.0,Entre Rios,-32.4815741,-58.23188489999999,30098,Uruguay,,,30,Entre Ríos,-32.4815741,-58.2318849
Universidad de Congreso,Universidad de Congreso,Av. Callao 150,,"-34.6021519,-58.3890774",,,,,,,,,,,,,,,,,,,,,,-34.6021519,-58.3890774,2007.0,Comuna 1,,,2.0,Ciudad Autonoma de Buenos Aires,-34.602151899999996,-58.3890774,02007,Comuna 1,,,02,Ciudad Autónoma de Buenos Aires,-34.6021519,-58.3890774
Universidad de Flores,Universidad de Flores,Av. Rivadavia 5741,,"-34.6274699,-58.4589968",,,,,,,,,,,,,,,,,,,,,,-34.6274699,-58.4589968,2049.0,Comuna 7,,,2.0,Ciudad Autonoma de Buenos Aires,-34.627469899999994,-58.4589968,02049,Comuna 7,,,02,Ciudad Autónoma de Buenos Aires,-34.6274699,-58.4589968
Universidad de la Cuenca del Plata,Universidad de la Cuenca del Plata,Donovan 521,http://apis.datos.gob.ar/georef/api/direcciones?direccion=Donovan 521,"-27.3750927,-55.9028806",,,,,,,,,,,,,,,,,,,,,,-27.3750927,-55.9028806,54028.0,Capital,540119.0,Posadas,54.0,Misiones,-27.375092699999996,-55.902880599999996,54028,Capital,540119,Posadas,54,Misiones,-27.3750927,-55.9028806
Universidad de la Defensa Nacional,Universidad de la Defensa Nacional,Maipu 262,,"-34.6050036,-58.3788407",,,,,,,,,,,,,,,,,,,,,,-34.6050036,-58.3788407,2007.0,Comuna 1,,,2.0,Ciudad Autonoma de Buenos Aires,-34.6050036,-58.3788407,02007,Comuna 1,,,02,Ciudad Autónoma de Buenos Aires,-34.6050036,-58.3788407
Universidad de la Fraternidad de Agrupaciones Santo Tomas de Aquino,Universidad de la Fraternidad de Agrupaciones Santo Tomas de Aquino,Avellaneda 3341,http://apis.datos.gob.ar/georef/api/direcciones?direccion=Avellaneda 3341&provincia=6,"-38.00719142806125,-57.563677285266195",,,,,,,,,,,,,,,,,,,,,,-38.00719142806125,-57.563677285266195,6357.0,General Pueyrredon,60357.0,General Pueyrredon,6.0,Buenos Aires,-38.0071914280613,-57.5636772852662,06357,General Pueyrredón,060357,General Pueyrredón,06,Buenos Aires,-38.00719142806125,-57.563677285266195
Universidad de la Marina Mercante,Universidad de la Marina Mercante,Av. Rivadavia 2258,http://apis.datos.gob.ar/georef/api/direcciones?direccion=Av. Rivadavia 2258&provincia=2,"-34.60965001204205, -58.398471321349234",,,,,,,,,,,,,,,,,,,,,,-34.60965001204205, -58.398471321349234,2021.0,Comuna 3,,,2.0,Ciudad Autonoma de Buenos Aires,-34.6096500120421,-58.3984713213492,02021,Comuna 3,,,02,Ciudad Autónoma de Buenos Aires,-34.60965001204205, -58.398471321349234
Universidad de Mendoza,Universidad de Mendoza,Av. Boulogne Sur Mer 683,http://apis.datos.gob.ar/georef/api/direcciones?direccion=Av. Boulogne Sur Mer 683&provincia=50,"-32.8916714,-68.8635323",,,,,,,,,,,,,,,,,,,,,,-32.8916714,-68.8635323,50007.0,Capital,500007.0,Capital,50.0,Mendoza,-32.8916714,-68.8635323,50007,Capital,500007,Capital,50,Mendoza,-32.8916714,-68.8635323
Universidad de Moron,Universidad de Moron,Cabildo 134,http://apis.datos.gob.ar/georef/api/direcciones?direccion=Cabildo 134&provincia=6,"-34.64724004619001, -58.61977592468715",,,,,,,,,,,,,,,,,,,,,,-34.64724004619001, -58.61977592468715,6568.0,Moron,60568.0,Moron,6.0,Buenos Aires,-34.64724004619,-58.619775924687204,06568,Morón,060568,Morón,06,Buenos Aires,-34.64724004619001, -58.61977592468715
Universidad de Palermo,Universidad de Palermo,Mario Bravo 1050,http://apis.datos.gob.ar/georef/api/direcciones?direccion=Mario Bravo 1050&provincia=2,"-34.5972849453752,-58.41576251085405",,,,,,,,,,,,,,,,,,,,,,-34.5972849453752,-58.41576251085405,2098.0,Comuna 14,,,2.0,Ciudad Autonoma de Buenos Aires,-34.5972849453752,-58.4157625108541,02098,Comuna 14,,,02,Ciudad Autónoma de Buenos Aires,-34.5972849453752,-58.41576251085405
Universidad de San Andres,Universidad de San Andres,Vito Dumas 284,,"-34.4461156,-58.5321377",,,,,,,,,,,,,,,,,,,,,,-34.4461156,-58.5321377,6749.0,San Fernando,60749.0,San Fernando,6.0,Buenos Aires,-34.4461156,-58.5321377,06749,San Fernando,060749,San Fernando,06,Buenos Aires,-34.4461156,-58.5321377
"Universidad de San Isidro ""Dr. Placido Marin""","Universidad de San Isidro ""Dr. Placido Marin""",Av. del Libertador 17175,,"-34.4617796,-58.5203287",,,,,,,,,,,,,,,,,,,,,,-34.4617796,-58.5203287,6756.0,San Isidro,60756.0,San Isidro,6.0,Buenos Aires,-34.4617796,-58.5203287,06756,San Isidro,060756,San Isidro,06,Buenos Aires,-34.4617796,-58.5203287
Universidad del Aconcagua,Universidad del Aconcagua,Catamarca 147,http://apis.datos.gob.ar/georef/api/direcciones?direccion=Catamarca 147&provincia=50,"-32.889702977248035,-68.836339205674",,,,,,,,,,,,,,,,,,,,,,-32.889702977248035,-68.836339205674,50007.0,Capital,500007.0,Capital,50.0,Mendoza,-32.889702977248,-68.836339205674,50007,Capital,500007,Capital,50,Mendoza,-32.889702977248035,-68.836339205674
Universidad del CEMA,Universidad del CEMA,Av. Cordoba 374,http://apis.datos.gob.ar/georef/api/direcciones?direccion=Av. Cordoba 374&provincia=2,"-34.598493489787174,-58.37246198342438",,,,,,,,,,,,,,,,,,,,,,-34.598493489787174,-58.37246198342438,2007.0,Comuna 1,,,2.0,Ciudad Autonoma de Buenos Aires,-34.598493489787195,-58.372461983424394,02007,Comuna 1,,,02,Ciudad Autónoma de Buenos Aires,-34.598493489787174,-58.37246198342438
Universidad del Centro Educativo Latinoamericano,Universidad del Centro Educativo Latinoamericano,Av. Pellegrini 1332,http://apis.datos.gob.ar/georef/api/direcciones?direccion=Av. Pellegrini 1332&provincia=82,"-32.9565784932488,-60.6441042488731",,,,,,,,,,,,,,,,,,,,,,-32.9565784932488,-60.6441042488731,82084.0,Rosario,,,82.0,Santa Fe,-32.9565784932488,-60.6441042488731,82084,Rosario,,,82,Santa Fe,-32.9565784932488,-60.6441042488731
Universidad del Cine,Universidad del Cine,Dr. Jose Modesto Giuffra 330,,"-34.617846,-58.3728309",,,,,,,,,,,,,,,,,,,,,,-34.617846,-58.3728309,2007.0,Comuna 1,,,2.0,Ciudad Autonoma de Buenos Aires,-34.617846,-58.372830900000004,02007,Comuna 1,,,02,Ciudad Autónoma de Buenos Aires,-34.617846,-58.3728309
Universidad del Congreso,Universidad del Congreso,Maipu 942,http://apis.datos.gob.ar/georef/api/direcciones?direccion=Maipu 942&provincia=2,"-34.597041549129365,-58.37693167637579",,,,,,,,,,,,,,,,,,,,,,-34.597041549129365,-58.37693167637579,2007.0,Comuna 1,,,2.0,Ciudad Autonoma de Buenos Aires,-34.5970415491294,-58.3769316763758,02007,Comuna 1,,,02,Ciudad Autónoma de Buenos Aires,-34.597041549129365,-58.37693167637579
Universidad del Este,Universidad del Este,Calle 2 684,,"-34.9072705,-57.9504423",,,,,,,,,,,,,,,,,,,,,,-34.9072705,-57.9504423,6441.0,La Plata,60441.0,La Plata,6.0,Buenos Aires,-34.9072705,-57.95044229999999,06441,La Plata,060441,La Plata,06,Buenos Aires,-34.9072705,-57.9504423
Universidad del Museo Social Argentino,Universidad del Museo Social Argentino,Av. Corrientes 1723,,"-34.6047031,-58.3922666",,,,,,,,,,,,,,,,,,,,,,-34.6047031,-58.3922666,2021.0,Comuna 3,,,2.0,Ciudad Autonoma de Buenos Aires,-34.6047031,-58.3922666,02021,Comuna 3,,,02,Ciudad Autónoma de Buenos Aires,-34.6047031,-58.3922666
Universidad del Norte Santo Tomas de Aquino,Universidad del Norte Santo Tomas de Aquino,9 de Julio 165,http://apis.datos.gob.ar/georef/api/direcciones?direccion=9 de Julio 165,"-26.832849,-65.2075185",,,,,,,,,,,,,,,,,,,,,,-26.832849,-65.2075185,90084.0,Capital,900014.0,Municipalidad de San Miguel De Tucuman,90.0,Tucuman,-26.832849,-65.2075185,90084,Capital,900014,Municipalidad de San Miguel De Tucuman,90,Tucumán,-26.832849,-65.2075185
Universidad del Salvador,Universidad del Salvador,Av. Cordoba 1601,http://apis.datos.gob.ar/georef/api/direcciones?direccion=Av. Cordoba 1601&provincia=2,"-34.5994421892955,-58.3896679387133",,,,,,,,,,,,,,,,,,,,,,-34.5994421892955,-58.3896679387133,2014.0,Comuna 2,,,2.0,Ciudad Autonoma de Buenos Aires,-34.5994421892955,-58.389667938713295,02014,Comuna 2,,,02,Ciudad Autónoma de Buenos Aires,-34.5994421892955,-58.3896679387133
Universidad Empresarial Siglo 21,Universidad Empresarial Siglo 21,De los Latinos 8555,http://apis.datos.gob.ar/georef/api/direcciones?direccion=De los Latinos 8555,"-31.3279965,-64.2286782",,,,,,,,,,,,,,,,,,,,,,-31.3279965,-64.2286782,14014.0,Capital,140077.0,Cordoba,14.0,Cordoba,-31.3279965,-64.2286782,14014,Capital,140077,Córdoba,14,Córdoba,-31.3279965,-64.2286782
Universidad Favaloro,Universidad Favaloro,Av. Entre Rios 495,http://apis.datos.gob.ar/georef/api/direcciones?direccion=Av. Entre Rios 495&provincia=2,"-34.614872720152945, -58.39167679293044",,,,,,,,,,,,,,,,,,,,,,-34.614872720152945, -58.39167679293044,2021.0,Comuna 3,,,2.0,Ciudad Autonoma de Buenos Aires,-34.614872720152896,-58.391676792930404,02021,Comuna 3,,,02,Ciudad Autónoma de Buenos Aires,-34.614872720152945, -58.39167679293044
Universidad Gaston Dachary,Universidad Gaston Dachary,"Salta 1912, posadas","http://apis.datos.gob.ar/georef/api/direcciones?direccion=Salta 1912, posadas","-27.3706143,-55.9352656",,,,,,,,,,,,,,,,,,,,,,-27.3706143,-55.9352656,54028.0,Capital,540119.0,Posadas,54.0,Misiones,-27.3706143,-55.935265599999994,54028,Capital,540119,Posadas,54,Misiones,-27.3706143,-55.9352656
Universidad ISALUD,Universidad ISALUD,Venezuela 847,,"-34.6139929,-58.3804476",,,,,,,,,,,,,,,,,,,,,,-34.6139929,-58.3804476,2007.0,Comuna 1,,,2.0,Ciudad Autonoma de Buenos Aires,-34.6139929,-58.380447600000004,02007,Comuna 1,,,02,Ciudad Autónoma de Buenos Aires,-34.6139929,-58.3804476
Universidad Juan Agustin Maza,Universidad Juan Agustin Maza,Lateral Sur del Acceso Este 2245,http://apis.datos.gob.ar/georef/api/direcciones?direccion=Lateral Sur del Acceso Este 2245,"-32.95403678084001,-68.83214028295434",,,,,,,,,,,,,,,,,,,,,,-32.95403678084001,-68.83214028295434,50021.0,Godoy Cruz,500021.0,Godoy Cruz,50.0,Mendoza,-32.95403678084,-68.8321402829543,50021,Godoy Cruz,500021,Godoy Cruz,50,Mendoza,-32.95403678084001,-68.83214028295434
Universidad Maimonides,Universidad Maimonides,Hidalgo 775,http://apis.datos.gob.ar/georef/api/direcciones?direccion=Hidalgo 775&provincia=2,"-34.61053895477871,-58.44103541301811",,,,,,,,,,,,,,,,,,,,,,-34.61053895477871,-58.44103541301811,2042.0,Comuna 6,,,2.0,Ciudad Autonoma de Buenos Aires,-34.6105389547787,-58.4410354130181,02042,Comuna 6,,,02,Ciudad Autónoma de Buenos Aires,-34.61053895477871,-58.44103541301811
Universidad Metropolitana para la Educacion y el Trabajo,Universidad Metropolitana para la Educacion y el Trabajo,Sarmiento 2037,,"-34.6058,-58.3979779",,,,,,,,,,,,,,,,,,,,,,-34.6058,-58.3979779,2021.0,Comuna 3,,,2.0,Ciudad Autonoma de Buenos Aires,-34.6058,-58.3979779,02021,Comuna 3,,,02,Ciudad Autónoma de Buenos Aires,-34.6058,-58.3979779
Universidad Nacional Arturo Jauretche,Universidad Nacional Arturo Jauretche,Calchaqui 6200,http://apis.datos.gob.ar/georef/api/direcciones?direccion=Calchaqui 6200&provincia=6,"-34.7751429,-58.2701046",,,,,,,,,,,,,,,,,,,,,,-34.7751429,-58.2701046,6274.0,Florencio Varela,60274.0,Florencio Varela,6.0,Buenos Aires,-34.7751429,-58.270104599999996,06274,Florencio Varela,060274,Florencio Varela,06,Buenos Aires,-34.7751429,-58.2701046
Universidad Nacional de Avellaneda,Universidad Nacional de Avellaneda,12 de Octubre 463,http://apis.datos.gob.ar/georef/api/direcciones?direccion=12 de Octubre 463&provincia=6,"-34.72925803087015,-58.263119285544974",,,,,,,,,,,,,,,,,,,,,,-34.72925803087015,-58.263119285544974,6658.0,Quilmes,60658.0,Quilmes,6.0,Buenos Aires,-34.7292580308702,-58.263119285544995,06658,Quilmes,060658,Quilmes,06,Buenos Aires,-34.72925803087015,-58.263119285544974
Universidad Nacional de Catamarca,Universidad Nacional de Catamarca,Esquiu 799,http://apis.datos.gob.ar/georef/api/direcciones?direccion=Esquiu 799,"-28.459001,-65.7854021",,,,,,,,,,,,,,,,,,,,,,-28.459001,-65.7854021,10049.0,Capital,100140.0,San Fernando del Valle de Catamarca,10.0,Catamarca,-28.459001,-65.78540210000001,10049,Capital,100140,San Fernando del Valle de Catamarca,10,Catamarca,-28.459001,-65.7854021
Universidad Nacional de Chilecito,Universidad Nacional de Chilecito,s/d,,"-29.1565622,-67.4730232",,,,,,,,,,,,,,,,,,,,,,-29.1565622,-67.4730232,46042.0,Chilecito,460042.0,Chilecito,46.0,La Rioja,-29.156562199999996,-67.47302320000001,46042,Chilecito,460042,Chilecito,46,La Rioja,-29.1565622,-67.4730232
Universidad Nacional de Cordoba,Universidad Nacional de Cordoba,Av. Haya de la Torre s/n,http://apis.datos.gob.ar/georef/api/direcciones?direccion=Av. Haya de la Torre s/n&provincia=14,"-31.4354809,-64.1877589",,,,,,,,,,,,,,,,,,,,,,-31.4354809,-64.1877589,14014.0,Capital,140077.0,Cordoba,14.0,Cordoba,-31.4354809,-64.1877589,14014,Capital,140077,Córdoba,14,Córdoba,-31.4354809,-64.1877589
Universidad Nacional de Cuyo,Universidad Nacional de Cuyo,"Centro Universitario, M5500",,"-32.8807275,-68.8801746",,,,,,,,,,,,,,,,,,,,,,-32.8807275,-68.8801746,50007.0,Capital,500007.0,Capital,50.0,Mendoza,-32.8807275,-68.88017459999999,50007,Capital,500007,Capital,50,Mendoza,-32.8807275,-68.8801746
Universidad Nacional de Entre rios,Universidad Nacional de Entre rios,Eva Peron 24,http://apis.datos.gob.ar/georef/api/direcciones?direccion=Eva Peron 24,"-31.624005177104273,-58.50507853279984",,,,,,,,,,,,,,,,,,,,,,-31.624005177104273,-58.50507853279984,30088.0,San Salvador,,,30.0,Entre Rios,-31.6240051771043,-58.5050785327998,30088,San Salvador,,,30,Entre Ríos,-31.624005177104273,-58.50507853279984
Universidad Nacional de Formosa,Universidad Nacional de Formosa,Av. formosa 3200,http://apis.datos.gob.ar/georef/api/direcciones?direccion=Av. formosa 3200,"-26.1921994,-58.2024444",,,,,,,,,,,,,,,,,,,,,,-26.1921994,-58.2024444,34014.0,Formosa,340028.0,Formosa,34.0,Formosa,-26.192199399999996,-58.202444400000005,34014,Formosa,340028,Formosa,34,Formosa,-26.1921994,-58.2024444
Universidad Nacional de General Sarmiento,Universidad Nacional de General Sarmiento,Juan Maria Gutierrez 1150,http://apis.datos.gob.ar/georef/api/direcciones?direccion=Juan Maria Gutierrez 1150&provincia=6,"-34.492332720554565, -58.664685936227905",,,,,,,,,,,,,,,,,,,,,,-34.492332720554565, -58.664685936227905,6515.0,Malvinas Argentinas,60515.0,Malvinas Argentinas,6.0,Buenos Aires,-34.4923327205546,-58.66468593622789,06515,Malvinas Argentinas,060515,Malvinas Argentinas,06,Buenos Aires,-34.492332720554565, -58.664685936227905
Universidad Nacional de Hurlingham,Universidad Nacional de Hurlingham,Tte. Manuel Origone 151,,"-34.6174248,-58.6369253",,,,,,,,,,,,,,,,,,,,,,-34.6174248,-58.6369253,6408.0,Hurlingham,60408.0,Hurlingham,6.0,Buenos Aires,-34.617424799999995,-58.6369253,06408,Hurlingham,060408,Hurlingham,06,Buenos Aires,-34.6174248,-58.6369253
Universidad Nacional de Jujuy,Universidad Nacional de Jujuy,Av. Bolivia 1239,http://apis.datos.gob.ar/georef/api/direcciones?direccion=Av. Bolivia 1239,"-24.1826176,-65.3203807",,,,,,,,,,,,,,,,,,,,,,-24.1826176,-65.3203807,38021.0,Dr. Manuel Belgrano,380035.0,San Salvador de Jujuy,38.0,Jujuy,-24.1826176,-65.3203807,38021,Dr. Manuel Belgrano,380035,San Salvador de Jujuy,38,Jujuy,-24.1826176,-65.3203807
Universidad Nacional de La Matanza,Universidad Nacional de La Matanza,Florencio Varela 1903,http://apis.datos.gob.ar/georef/api/direcciones?direccion=Florencio Varela 1903&provincia=6,"-34.67069602536431,-58.5625432692672",,,,,,,,,,,,,,,,,,,,,,-34.67069602536431,-58.5625432692672,6427.0,La Matanza,60427.0,La Matanza,6.0,Buenos Aires,-34.6706960253643,-58.56254326926721,06427,La Matanza,060427,La Matanza,06,Buenos Aires,-34.67069602536431,-58.5625432692672
Universidad Nacional de La Pampa,Universidad Nacional de La Pampa,Uruguay 151,http://apis.datos.gob.ar/georef/api/direcciones?direccion=Uruguay 151,"-36.1446255,-64.5963517",,,,,,,,,,,,,,,,,,,,,,-36.1446255,-64.5963517,42035.0,Conhelo,420098.0,Conhelo,42.0,La Pampa,-36.144625500000004,-64.5963517,42035,Conhelo,420098,Conhelo,42,La Pampa,-36.1446255,-64.5963517
Universidad Nacional de la Patagonia Austral,Universidad Nacional de la Patagonia Austral,"Ruta Nacional 3, Z9011","http://apis.datos.gob.ar/georef/api/direcciones?direccion=Ruta Nacional 3, Z9011","-46.4336028,-67.5229963",,,,,,,,,,,,,,,,,,,,,,-46.4336028,-67.5229963,78014.0,Deseado,,,78.0,Santa Cruz,-46.433602799999996,-67.5229963,78014,Deseado,,,78,Santa Cruz,-46.4336028,-67.5229963
Universidad Nacional de la Patagonia San Juan Bosco,Universidad Nacional de la Patagonia San Juan Bosco,Sarmiento 849,http://apis.datos.gob.ar/georef/api/direcciones?direccion=Sarmiento 849&provincia=26,"-42.91147305328778,-71.32234601161547",,,,,,,,,,,,,,,,,,,,,,-42.91147305328778,-71.32234601161547,26035.0,Futaleufu,260077.0,Esquel,26.0,Chubut,-42.9114730532878,-71.3223460116155,26035,Futaleufú,260077,Esquel,26,Chubut,-42.91147305328778,-71.32234601161547
Universidad Nacional de La Plata,Universidad Nacional de La Plata,Av. 7 776,http://apis.datos.gob.ar/georef/api/direcciones?direccion=Av. 7 776&provincia=6,"-34.89439984475497,-57.97717980074897",,,,,,,,,,,,,,,,,,,,,,-34.89439984475497,-57.97717980074897,6441.0,La Plata,60441.0,La Plata,6.0,Buenos Aires,-34.894399844755,-57.977179800749,06441,La Plata,060441,La Plata,06,Buenos Aires,-34.89439984475497,-57.97717980074897
Universidad Nacional de La Rioja,Universidad Nacional de La Rioja,Av. Luis M. de la Fuente,http://apis.datos.gob.ar/georef/api/direcciones?direccion=Av. Luis M. de la Fuente,"-29.4298962,-66.8709593",,,,,,,,,,,,,,,,,,,,,,-29.4298962,-66.8709593,46014.0,Capital,460014.0,Capital,46.0,La Rioja,-29.4298962,-66.8709593,46014,Capital,460014,Capital,46,La Rioja,-29.4298962,-66.8709593
Universidad Nacional de Lanus,Universidad Nacional de Lanus,29 de septiembre 3901,http://apis.datos.gob.ar/georef/api/direcciones?direccion=29 de septiembre 3901&provincia=6,"-34.7355208,-58.3932694",,,,,,,,,,,,,,,,,,,,,,-34.7355208,-58.3932694,6434.0,Lanus,60434.0,Lanus,6.0,Buenos Aires,-34.735520799999996,-58.3932694,06434,Lanús,060434,Lanús,06,Buenos Aires,-34.7355208,-58.3932694
Universidad Nacional de las Artes,Universidad Nacional de las Artes,Av. Ing Huergo 1433,,"-34.6094209,-58.4066206",,,,,,,,,,,,,,,,,,,,,,-34.6094209,-58.4066206,2021.0,Comuna 3,,,2.0,Ciudad Autonoma de Buenos Aires,-34.609420899999996,-58.406620600000004,02021,Comuna 3,,,02,Ciudad Autónoma de Buenos Aires,-34.6094209,-58.4066206
Universidad Nacional de Lomas de Zamora,Universidad Nacional de Lomas de Zamora,Camino de Cintura y Juan XXIII,http://apis.datos.gob.ar/georef/api/direcciones?direccion=Camino de Cintura y Juan XXIII&provincia=6,"-34.7765037,-58.4591023",,,,,,,,,,,,,,,,,,,,,,-34.7765037,-58.4591023,6490.0,Lomas de Zamora,60490.0,Lomas de Zamora,6.0,Buenos Aires,-34.7765037,-58.45910229999999,06490,Lomas de Zamora,060490,Lomas de Zamora,06,Buenos Aires,-34.7765037,-58.4591023
Universidad Nacional de Lujan,Universidad Nacional de Lujan,"Avenida Constitucion, Ruta 5","http://apis.datos.gob.ar/georef/api/direcciones?direccion=Avenida Constitucion, Ruta 5&provincia=6","-34.5774091,-59.0909557",,,,,,,,,,,,,,,,,,,,,,-34.5774091,-59.0909557,6497.0,Lujan,60497.0,Lujan,6.0,Buenos Aires,-34.577409100000004,-59.0909557,06497,Luján,060497,Luján,06,Buenos Aires,-34.5774091,-59.0909557
Universidad Nacional de Mar del Plata,Universidad Nacional de Mar del Plata,"Dean Funes 3350,","http://apis.datos.gob.ar/georef/api/direcciones?direccion=Dean Funes 3350,&provincia=6","-38.0057920156254,-57.5715790666085",,,,,,,,,,,,,,,,,,,,,,-38.0057920156254,-57.5715790666085,6357.0,General Pueyrredon,60357.0,General Pueyrredon,6.0,Buenos Aires,-38.0057920156254,-57.57157906660849,06357,General Pueyrredón,060357,General Pueyrredón,06,Buenos Aires,-38.0057920156254,-57.5715790666085
Universidad Nacional de Misiones,Universidad Nacional de Misiones,Fernando Elias LLamosas 9400,http://apis.datos.gob.ar/georef/api/direcciones?direccion=Fernando Elias LLamosas 9400,"-27.3996326,-55.9256125",,,,,,,,,,,,,,,,,,,,,,-27.3996326,-55.9256125,54028.0,Capital,540119.0,Posadas,54.0,Misiones,-27.3996326,-55.9256125,54028,Capital,540119,Posadas,54,Misiones,-27.3996326,-55.9256125
Universidad Nacional de Moreno,Universidad Nacional de Moreno,Av. Bartolome Mitre 1891,,"-34.6525807,-58.7791501",,,,,,,,,,,,,,,,,,,,,,-34.6525807,-58.7791501,6560.0,Moreno,60560.0,Moreno,6.0,Buenos Aires,-34.6525807,-58.7791501,06560,Moreno,060560,Moreno,06,Buenos Aires,-34.6525807,-58.7791501
Universidad Nacional de Quilmes,Universidad Nacional de Quilmes,Roque Saenz Peña 352,http://apis.datos.gob.ar/georef/api/direcciones?direccion=Roque Saenz Peña 352&provincia=6,"-34.7064966,-58.2807187",,,,,,,,,,,,,,,,,,,,,,-34.7064966,-58.2807187,6658.0,Quilmes,60658.0,Quilmes,6.0,Buenos Aires,-34.7064966,-58.2807187,06658,Quilmes,060658,Quilmes,06,Buenos Aires,-34.7064966,-58.2807187
Universidad Nacional de Rafaela,Universidad Nacional de Rafaela,Bv. Pres. Julio A. Roca 989,,"-31.2511417,-61.5046662",,,,,,,,,,,,,,,,,,,,,,-31.2511417,-61.5046662,82021.0,Castellanos,820042.0,Rafaela,82.0,Santa Fe,-31.2511417,-61.5046662,82021,Castellanos,820042,Rafaela,82,Santa Fe,-31.2511417,-61.5046662
Universidad Nacional de rio Cuarto,Universidad Nacional de rio Cuarto,Ruta Nac. 36 - Km. 601,http://apis.datos.gob.ar/georef/api/direcciones?direccion=Ruta Nac. 36 - Km. 601&provincia=14,"-33.084594014186514,-64.3349444221352",,,,,,,,,,,,,,,,,,,,,,-33.084594014186514,-64.3349444221352,14098.0,Rio Cuarto,140861.0,Rio Cuarto,14.0,Cordoba,-33.0845940141865,-64.3349444221352,14098,Río Cuarto,140861,Río Cuarto,14,Córdoba,-33.084594014186514,-64.3349444221352
Universidad Nacional de rio Negro,Universidad Nacional de rio Negro,Don Bosco 500,http://apis.datos.gob.ar/georef/api/direcciones?direccion=Don Bosco 500,"-39.0279881065646, -67.58044691129079",,,,,,,,,,,,,,,,,,,,,,-39.0279881065646, -67.58044691129079,62042.0,General Roca,620161.0,Gral. Roca,62.0,Rio Negro,-39.0279881065646,-67.58044691129079,62042,General Roca,620161,Gral. Roca,62,Río Negro,-39.0279881065646, -67.58044691129079
Universidad Nacional de Rosario,Universidad Nacional de Rosario,Maipu 1065,http://apis.datos.gob.ar/georef/api/direcciones?direccion=Maipu 1065&provincia=82,"-32.950309649805945,-60.636126952347716",,,,,,,,,,,,,,,,,,,,,,-32.950309649805945,-60.636126952347716,82084.0,Rosario,,,82.0,Santa Fe,-32.950309649805895,-60.63612695234771,82084,Rosario,,,82,Santa Fe,-32.950309649805945,-60.636126952347716
Universidad Nacional de Salta,Universidad Nacional de Salta,Av Bolivia 5150,http://apis.datos.gob.ar/georef/api/direcciones?direccion=Av Bolivia 5150&provincia=66,"-24.7280281,-65.4114867",,,,,,,,,,,,,,,,,,,,,,-24.7280281,-65.4114867,66028.0,Capital,660063.0,Salta,66.0,Salta,-24.728028100000003,-65.41148670000001,66028,Capital,660063,Salta,66,Salta,-24.7280281,-65.4114867
Universidad Nacional de San Juan,Universidad Nacional de San Juan,Mitre 396,http://apis.datos.gob.ar/georef/api/direcciones?direccion=Mitre 396,"-31.5354691,-68.5412352,15",,,,,,,,,,,,,,,,,,,,,,-31.5354691,-68.5412352,70028.0,Capital,700028.0,San Juan,70.0,San Juan,-31.5354691,-68.5412352,70028,Capital,700028,San Juan,70,San Juan,-31.5354691,-68.5412352
Universidad Nacional de San Luis,Universidad Nacional de San Luis,Ejercito de los Andes 950,http://apis.datos.gob.ar/georef/api/direcciones?direccion=Ejercito de los Andes 950,"-33.2962223,-66.3441194",,,,,,,,,,,,,,,,,,,,,,-33.2962223,-66.3441194,74056.0,Juan Martin de Pueyrredon,740133.0,San Luis,74.0,San Luis,-33.2962223,-66.3441194,74056,Juan Martín de Pueyrredón,740133,San Luis,74,San Luis,-33.2962223,-66.3441194
Universidad Nacional de San Martin,Universidad Nacional de San Martin,Ramsay 2250,http://apis.datos.gob.ar/georef/api/direcciones?direccion=Ramsay 2250,"-34.550664100769964,-58.441134539431594",,,,,,,,,,,,,,,,,,,,,,-34.550664100769964,-58.441134539431594,2091.0,Comuna 13,,,2.0,Ciudad Autonoma de Buenos Aires,-34.55066410077,-58.4411345394316,02091,Comuna 13,,,02,Ciudad Autónoma de Buenos Aires,-34.550664100769964,-58.441134539431594
Universidad Nacional de Santiago del Estero,Universidad Nacional de Santiago del Estero,Avenida Belgrano Sur 1912,http://apis.datos.gob.ar/georef/api/direcciones?direccion=Avenida Belgrano Sur 1912,"-27.8014246,-64.2531763",,,,,,,,,,,,,,,,,,,,,,-27.8014246,-64.2531763,86049.0,Capital,,,86.0,Santiago del Estero,-27.801424600000004,-64.25317629999999,86049,Capital,,,86,Santiago del Estero,-27.8014246,-64.2531763
"Universidad Nacional de Tierra del Fuego, Antartida e Islas del Atlantico Sur","Universidad Nacional de Tierra del Fuego, Antartida e Islas del Atlantico Sur",Fuegia Basket 251,http://apis.datos.gob.ar/georef/api/direcciones?direccion=Fuegia Basket 251&provincia=94,"-54.81888630058655, -68.32552591092275",,,,,,,,,,,,,,,,,,,,,,-54.81888630058655, -68.32552591092275,94015.0,Ushuaia,940014.0,Ushuaia,94.0,"Tierra del Fuego, Antartida e Islas del Atlantico Sur",-54.818886300586605,-68.32552591092279,94015,Ushuaia,940014,Ushuaia,94,"Tierra del Fuego, Antártida e Islas del Atlántico Sur",-54.81888630058655, -68.32552591092275
Universidad Nacional de Tres de Febrero,Universidad Nacional de Tres de Febrero,Av. Gral. Mosconi 2736,http://apis.datos.gob.ar/georef/api/direcciones?direccion=Av. Gral. Mosconi 2736&provincia=6,"-34.6050318,-58.5665275",,,,,,,,,,,,,,,,,,,,,,-34.6050318,-58.5665275,6840.0,Tres de Febrero,60840.0,Tres de Febrero,6.0,Buenos Aires,-34.6050318,-58.5665275,06840,Tres de Febrero,060840,Tres de Febrero,06,Buenos Aires,-34.6050318,-58.5665275
Universidad Nacional de Tucuman,Universidad Nacional de Tucuman,Batalla de Ayacucho 491,http://apis.datos.gob.ar/georef/api/direcciones?direccion=Batalla de Ayacucho 491,"-26.8363912,-65.2133295",,,,,,,,,,,,,,,,,,,,,,-26.8363912,-65.2133295,90084.0,Capital,900014.0,Municipalidad de San Miguel De Tucuman,90.0,Tucuman,-26.8363912,-65.2133295,90084,Capital,900014,Municipalidad de San Miguel De Tucuman,90,Tucumán,-26.8363912,-65.2133295
Universidad Nacional de Villa Maria,Universidad Nacional de Villa Maria,Arturo Jauretche 1555,http://apis.datos.gob.ar/georef/api/direcciones?direccion=Arturo Jauretche 1555&provincia=14,"-32.3995102,-63.2651483",,,,,,,,,,,,,,,,,,,,,,-32.3995102,-63.2651483,14042.0,General San Martin,140357.0,Villa Maria,14.0,Cordoba,-32.3995102,-63.2651483,14042,General San Martín,140357,Villa María,14,Córdoba,-32.3995102,-63.2651483
Universidad Nacional de Villa Mercedes,Universidad Nacional de Villa Mercedes,Las Heras 383,http://apis.datos.gob.ar/georef/api/direcciones?direccion=Las Heras 383,"-33.6865689,-65.4698988",,,,,,,,,,,,,,,,,,,,,,-33.6865689,-65.4698988,74035.0,General Pedernera,740077.0,Villa Mercedes,74.0,San Luis,-33.686568900000005,-65.4698988,74035,General Pedernera,740077,Villa Mercedes,74,San Luis,-33.6865689,-65.4698988
Universidad Nacional del Centro de la Provincia de Buenos Aires,Universidad Nacional del Centro de la Provincia de Buenos Aires,Pinto 399,http://apis.datos.gob.ar/georef/api/direcciones?direccion=Pinto 399&provincia=6,"-37.3285417102325,-59.1380501689951",,,,,,,,,,,,,,,,,,,,,,-37.3285417102325,-59.1380501689951,6791.0,Tandil,60791.0,Tandil,6.0,Buenos Aires,-37.3285417102325,-59.1380501689951,06791,Tandil,060791,Tandil,06,Buenos Aires,-37.3285417102325,-59.1380501689951
Universidad Nacional del Chaco Austral,Universidad Nacional del Chaco Austral,Fernandez 755,http://apis.datos.gob.ar/georef/api/direcciones?direccion=Fernandez 755,"-26.8017124,-60.4491146",,,,,,,,,,,,,,,,,,,,,,-26.8017124,-60.4491146,22021.0,Comandante Fernandez,220077.0,Presidencia Roque Saenz Peña,22.0,Chaco,-26.8017124,-60.44911460000001,22021,Comandante Fernández,220077,Presidencia Roque Sáenz Peña,22,Chaco,-26.8017124,-60.4491146
Universidad Nacional del Comahue,Universidad Nacional del Comahue,Av. Santa Fe 1845,http://apis.datos.gob.ar/georef/api/direcciones?direccion=Av. Santa Fe 1845&provincia=2,"-34.59583822943477,-58.393932130303796",,,,,,,,,,,,,,,,,,,,,,-34.59583822943477,-58.393932130303796,2014.0,Comuna 2,,,2.0,Ciudad Autonoma de Buenos Aires,-34.5958382294348,-58.393932130303796,02014,Comuna 2,,,02,Ciudad Autónoma de Buenos Aires,-34.59583822943477,-58.393932130303796
Universidad Nacional del Litoral,Universidad Nacional del Litoral,San Jeronimo 3231,http://apis.datos.gob.ar/georef/api/direcciones?direccion=San Jeronimo 3231&provincia=82,"-31.638260020689607, -60.70559340518095",,,,,,,,,,,,,,,,,,,,,,-31.638260020689607, -60.70559340518095,82063.0,La Capital,820147.0,Santa Fe,82.0,Santa Fe,-31.638260020689604,-60.705593405181,82063,La Capital,820147,Santa Fe,82,Santa Fe,-31.638260020689607, -60.70559340518095
Universidad Nacional del Nordeste,Universidad Nacional del Nordeste,25 de mayo 868,http://apis.datos.gob.ar/georef/api/direcciones?direccion=25 de mayo 868,"-27.4607657,-58.9542543",,,,,,,,,,,,,,,,,,,,,,-27.4607657,-58.9542543,22140.0,San Fernando,220413.0,Resistencia,22.0,Chaco,-27.4607657,-58.954254299999995,22140,San Fernando,220413,Resistencia,22,Chaco,-27.4607657,-58.9542543
Universidad Nacional del Noroeste de la Provincia de Buenos Aires,Universidad Nacional del Noroeste de la Provincia de Buenos Aires,Roque Saenz Peña 456,http://apis.datos.gob.ar/georef/api/direcciones?direccion=Roque Saenz Peña 456&provincia=6,"-34.861684718919854, -61.52755638690734",,,,,,,,,,,,,,,,,,,,,,-34.861684718919854, -61.52755638690734,6469.0,Lincoln,60469.0,Lincoln,6.0,Buenos Aires,-34.861684718919896,-61.5275563869073,06469,Lincoln,060469,Lincoln,06,Buenos Aires,-34.861684718919854, -61.52755638690734
Universidad Nacional del Oeste,Universidad Nacional del Oeste,Gral. Manuel Belgrano 369,http://apis.datos.gob.ar/georef/api/direcciones?direccion=Gral. Manuel Belgrano 369&provincia=6,"-34.65254628739099,-58.62119862036371",,,,,,,,,,,,,,,,,,,,,,-34.65254628739099,-58.62119862036371,6568.0,Moron,60568.0,Moron,6.0,Buenos Aires,-34.652546287391,-58.6211986203637,06568,Morón,060568,Morón,06,Buenos Aires,-34.65254628739099,-58.62119862036371
Universidad Nacional del Sur,Universidad Nacional del Sur,Av. Alem 1253,http://apis.datos.gob.ar/georef/api/direcciones?direccion=Av. Alem 1253&provincia=6,"-38.67866305629395,-62.29611089500422",,,,,,,,,,,,,,,,,,,,,,-38.67866305629395,-62.29611089500422,6056.0,Bahia Blanca,60056.0,Bahia Blanca,6.0,Buenos Aires,-38.678663056294,-62.296110895004205,06056,Bahía Blanca,060056,Bahía Blanca,06,Buenos Aires,-38.67866305629395,-62.29611089500422
Universidad Nacional Jose C. Paz,Universidad Nacional Jose C. Paz,Leandro N. Alem 4731,http://apis.datos.gob.ar/georef/api/direcciones?direccion=Leandro N. Alem 4731&provincia=6,"-34.521483660692496,-58.745796901146605",,,,,,,,,,,,,,,,,,,,,,-34.521483660692496,-58.745796901146605,6412.0,Jose C. Paz,60412.0,Jose C. Paz,6.0,Buenos Aires,-34.5214836606925,-58.745796901146605,06412,José C. Paz,060412,José C. Paz,06,Buenos Aires,-34.521483660692496,-58.745796901146605
Universidad Notarial Argentina,Universidad Notarial Argentina,Av. 51 435,,"-34.750524,-58.308108",,,,,,,,,,,,,,,,,,,,,,-34.750524,-58.308108,6658.0,Quilmes,60658.0,Quilmes,6.0,Buenos Aires,-34.750524,-58.308108,06658,Quilmes,060658,Quilmes,06,Buenos Aires,-34.750524,-58.308108
Universidad Pedagogica Nacional,Universidad Pedagogica Nacional,Piedras 1080,,"-34.61955811945053,-58.37559426109925",,,,,,,,,,,,,,,,,,,,,,-34.61955811945053,-58.37559426109925,2007.0,Comuna 1,,,2.0,Ciudad Autonoma de Buenos Aires,-34.619558119450495,-58.3755942610993,02007,Comuna 1,,,02,Ciudad Autónoma de Buenos Aires,-34.61955811945053,-58.37559426109925
Universidad Popular Madres de Plaza de Mayo,Universidad Popular Madres de Plaza de Mayo,Av. Hipolito Yrigoyen 1584,,"-34.6100495,-58.3908878",,,,,,,,,,,,,,,,,,,,,,-34.6100495,-58.3908878,2007.0,Comuna 1,,,2.0,Ciudad Autonoma de Buenos Aires,-34.6100495,-58.3908878,02007,Comuna 1,,,02,Ciudad Autónoma de Buenos Aires,-34.6100495,-58.3908878
Universidad Provincial de Ezeiza,Universidad Provincial de Ezeiza,Alfonsina Storni 41,,"-34.7895235,-58.5231426",,,,,,,,,,,,,,,,,,,,,,-34.7895235,-58.5231426,6270.0,Jose M. Ezeiza,60270.0,Ezeiza,6.0,Buenos Aires,-34.7895235,-58.5231426,06270,José M. Ezeiza,060270,Ezeiza,06,Buenos Aires,-34.7895235,-58.5231426
Universidad Provincial del Sudoeste,Universidad Provincial del Sudoeste,Cd. de Cali 320,,"-36.6196788,-62.5506754",,,,,,,,,,,,,,,,,,,,,,-36.6196788,-62.5506754,6399.0,Guamini,60399.0,Guamini,6.0,Buenos Aires,-36.619678799999996,-62.550675399999996,06399,Guaminí,060399,Guaminí,06,Buenos Aires,-36.6196788,-62.5506754
Universidad Salesiana Argentina,Universidad Salesiana Argentina,Gorriti 1249,,"-38.7225345,-62.282452",,,,,,,,,,,,,,,,,,,,,,-38.7225345,-62.282452,6056.0,Bahia Blanca,60056.0,Bahia Blanca,6.0,Buenos Aires,-38.722534499999995,-62.282452,06056,Bahía Blanca,060056,Bahía Blanca,06,Buenos Aires,-38.7225345,-62.282452
Universidad Tecnologica Nacional,Universidad Tecnologica Nacional,Sarmiento 440,http://apis.datos.gob.ar/georef/api/direcciones?direccion=Sarmiento 440&provincia=2,"-34.61847060349939,-58.45044388901235",,,,,,,,,,,,,,,,,,,,,,-34.61847060349939,-58.45044388901235,2042.0,Comuna 6,,,2.0,Ciudad Autonoma de Buenos Aires,-34.6184706034994,-58.45044388901239,02042,Comuna 6,,,02,Ciudad Autónoma de Buenos Aires,-34.61847060349939,-58.45044388901235
Universidad Torcuato Di Tella,Universidad Torcuato Di Tella,Av. Pres. Figueroa Alcorta 7350,,"-34.5476972,-58.4489394",,,,,,,,,,,,,,,,,,,,,,-34.5476972,-58.4489394,2091.0,Comuna 13,,,2.0,Ciudad Autonoma de Buenos Aires,-34.5476972,-58.4489394,02091,Comuna 13,,,02,Ciudad Autónoma de Buenos Aires,-34.5476972,-58.4489394
Universita Degli Studi di Bologna,Universita Degli Studi di Bologna,"Via Zamboni, 33",,"44.4679091,11.2955076,12",,,,,,,,,,,,,,,,,,,,,,44.4679091,11.2955076,,,,,,,44.4679091,11.2955076,,,,,,,44.4679091,11.2955076
Universidad Autonoma de Entre Rios,Universidad Autonoma de Entre Rios,Av. Francisco Ramírez 1143,,"-31.727147, -60.514132",,,,,,,,,,,,,,,,,,,,,,-31.727147, -60.514132,,,,,,,,,30084,Paraná,,,30,Entre Ríos,-31.727147, -60.514132
Universidad Tecnologica Nacional,Universidad Tecnologica Nacional - Facultad Regional Mendoza,"Coronel Rodríguez 273, Ciudad - Capital, M5500 Mendoza",,"-32.896902, -68.853584",,,,,,,,,,,,,,,,,,,,,,-32.896902, -68.853584,,,,,,,,,50007,Capital,500007,Capital,50,Mendoza,-32.896902, -68.853584
Universidad Tecnologica Nacional,Universidad Tecnologica Nacional - Facultad Regional Concordia,"Salta 277, E3200 EKE, Entre Ríos",,"-31.394245, -58.012192",,,,,,,,,,,,,,,,,,,,,,-31.394245, -58.012192,,,,,,,,,30015,Concordia,,,30,Entre Ríos,-31.394245, -58.012192
Universidad Tecnologica Nacional,Universidad Tecnologica Nacional - Unidad Academica Mar del Plata,"Mar del Plata, Av. Dorrego 281, B7600 CLF, Buenos Aires",,"-38.049150, -57.542411",,,,,,,,,,,,,,,,,,,,,,-38.049150, -57.542411,,,,,,,,,06357,General Pueyrredón,060357,General Pueyrredón,06,Buenos Aires,-38.049150, -57.542411
Universidad Tecnologica Nacional,Universidad Tecnologica Nacional - Facultad Regional Reconquista,"Parque Industrial Reconquista, Calle 44 1000, S3560 Reconquista, Santa Fe",,"-29.146406, -59.664216",,,,,,,,,,,,,,,,,,,,,,-29.146406, -59.664216,,,,,,,,,82049,General Obligado,820112,Reconquista,82,Santa Fe,-29.146406, -59.664216
Universidad Tecnologica Nacional,Universidad Tecnologica Nacional - Facultad Regional Concepcion del Uruguay,"BTD Concepción del Uruguay Entre Ríos AR, Ing Pereyra 676, E3264",,"-32.495728, -58.229429",,,,,,,,,,,,,,,,,,,,,,-32.495728, -58.229429,,,,,,,,,30098,Uruguay,,,30,Entre Ríos,-32.495728, -58.229429
Universidad Tecnologica Nacional,Universidad Tecnologica Nacional - Facultad Regional Cordoba,"Maestro M. Lopez esq. Cruz Roja, Córdoba",,"-31.442376, -64.192642",,,,,,,,,,,,,,,,,,,,,,-31.442376, -64.192642,,,,,,,,,14014,Capital,140077,Córdoba,14,Córdoba,-31.442376, -64.192642
Universidad Tecnologica Nacional,Universidad Tecnologica Nacional - Facultad Regional Santa Fe,"Lavaisse 610, S3004 EWB, Santa Fe",,"-31.616705, -60.675676",,,,,,,,,,,,,,,,,,,,,,-31.616705, -60.675676,,,,,,,,,82063,La Capital,820147,Santa Fe,82,Santa Fe,-31.616705, -60.675676
Universidad Tecnologica Nacional,Universidad Tecnologica Nacional - Facultad Regional Villa Maria,"Av. Universidad 450, X5900 Villa María, Córdoba",,"-32.408926, -63.218122",,,,,,,,,,,,,,,,,,,,,,-32.408926, -63.218122,,,,,,,,,14042,General San Martín,140357,Villa María,14,Córdoba,-32.408926, -63.218122
Universidad Tecnologica Nacional,Universidad Tecnologica Nacional - Facultad Regional Haedo,"París 532, B1706EAH Haedo, Buenos Aires",,"-34.640358, -58.602258",,,,,,,,,,,,,,,,,,,,,,-34.640358, -58.602258,,,,,,,,,06568,Morón,060568,Morón,06,Buenos Aires,-34.640358, -58.602258
Universidad Tecnologica Nacional,Universidad Tecnologica Nacional - Facultad Regional rio Grande,"Islas Malvinas 1650, V9420 Río Grande, Tierra del Fuego",,"-53.786433, -67.726421",,,,,,,,,,,,,,,,,,,,,,-53.786433, -67.726421,,,,,,,,,94008,Río Grande,940007,Río Grande,94,"Tierra del Fuego, Antártida e Islas del Atlántico Sur",-53.786433, -67.726421
Universidad Tecnologica Nacional,Universidad Tecnologica Nacional - Facultad Regional rio Grande,"Islas Malvinas 1650, V9420 Río Grande, Tierra del Fuego",,"-53.786433, -67.726421",,,,,,,,,,,,,,,,,,,,,,-53.786433, -67.726421,,,,,,,,,94008,Río Grande,940007,Río Grande,94,"Tierra del Fuego, Antártida e Islas del Atlántico Sur",-53.786433, -67.726421
Universidad Tecnologica Nacional,Universidad Tecnologica Nacional - Facultad Regional Tierra del Fuego,"Islas Malvinas 1650, V9420 Río Grande, Tierra del Fuego",,"-53.786433, -67.726421",,,,,,,,,,,,,,,,,,,,,,-53.786433, -67.726421,,,,,,,,,94008,Río Grande,940007,Río Grande,94,"Tierra del Fuego, Antártida e Islas del Atlántico Sur",-53.786433, -67.726421
Universidad Tecnologica Nacional,Universidad Tecnologica Nacional - Facultad Regional Tierra del Fuego,"Islas Malvinas 1650, V9420 Río Grande, Tierra del Fuego",,"-53.786433, -67.726421",,,,,,,,,,,,,,,,,,,,,,-53.786433, -67.726421,,,,,,,,,94008,Río Grande,940007,Río Grande,94,"Tierra del Fuego, Antártida e Islas del Atlántico Sur",-53.786433, -67.726421
Universidad Tecnologica Nacional,Universidad Tecnologica Nacional - Facultad Regional Rafaela,"Acuña 49, S2300 Rafaela, Santa Fe",,"-31.247815, -61.471250",,,,,,,,,,,,,,,,,,,,,,-31.247815, -61.471250,,,,,,,,,82021,Castellanos,820042,Rafaela,82,Santa Fe,-31.247815, -61.471250
Universidad Tecnologica Nacional,Universidad Tecnologica Nacional - Unidad Academica Concordia,"Salta 277, E3200 EKE, Entre Ríos",,"-31.394282, -58.012407
",,,,,,,,,,,,,,,,,,,,,,-31.394282," -58.012407
",,,,,,,,,30015,Concordia,,,30,Entre Ríos,-31.394282," -58.012407
"
Universidad Tecnologica Nacional,Universidad Tecnologica Nacional - Facultad Regional del Neuquen,"Av. Reverendo Pedro Rotter, Q8318 Plaza Huincul, Neuquén",,"-38.922009, -69.183374",,,,,,,,,,,,,,,,,,,,,,-38.922009, -69.183374,,,,,,,,,58035,Confluencia,580063,Plaza Huincul,58,Neuquén,-38.922009, -69.183374
Universidad Tecnologica Nacional,Universidad Tecnologica Nacional - Facultad Regional San Francisco,"Av. de la Universidad 501, 2400, X2400 San Francisco, Córdoba",,"-31.421165, -62.110763",,,,,,,,,,,,,,,,,,,,,,-31.421165, -62.110763,,,,,,,,,14140,San Justo,141337,San Francisco,14,Córdoba,-31.421165, -62.110763
Universidad Tecnologica Nacional,Universidad Tecnologica Nacional - Facultad Regional Chubut,"Av. del Trabajo, U9120QGQ, Puerto Madryn, Chubut",,"-42.769285, -65.055430",,,,,,,,,,,,,,,,,,,,,,-42.769285, -65.055430,,,,,,,,,26007,Biedma,260007,Puerto Madryn,26,Chubut,-42.769285, -65.055430
Universidad Tecnologica Nacional,Universidad Tecnologica Nacional - Facultad Regional Trenque Lauquen,"Racedo 298, Trenque Lauquen, Buenos Aires",,"-35.985903, -62.727093",,,,,,,,,,,,,,,,,,,,,,-35.985903, -62.727093,,,,,,,,,06826,Trenque Lauquen,060826,Trenque Lauquen,06,Buenos Aires,-35.985903, -62.727093
Universidad Tecnologica Nacional,Universidad Tecnologica Nacional - Facultad Regional Mar del Plata,"Mar del Plata, Av. Dorrego 281, B7600 CLF, Buenos Aires",,"-38.049167, -57.542679",,,,,,,,,,,,,,,,,,,,,,-38.049167, -57.542679,,,,,,,,,06357,General Pueyrredón,060357,General Pueyrredón,06,Buenos Aires,-38.049167, -57.542679
Universidad Tecnologica Nacional,Universidad Tecnologica Nacional - Facultad Regional Avellaneda,"Av. Bartolomé Mitre 750, B1870 AAU, Buenos Aires",,"-34.662319, -58.364673",,,,,,,,,,,,,,,,,,,,,,-34.662319, -58.364673,,,,,,,,,06035,Avellaneda,060035,Avellaneda,06,Buenos Aires,-34.662319, -58.364673
Universidad Tecnologica Nacional,Universidad Tecnologica Nacional - Facultad Regional Santa Cruz,"Av. de los Inmigrantes 555, Río Gallegos, Santa Cruz",,"-51.634990, -69.218863",,,,,,,,,,,,,,,,,,,,,,-51.634990, -69.218863,,,,,,,,,78021,Güer Aike,,,78,Santa Cruz,-51.634990, -69.218863
Universidad Tecnologica Nacional,Universidad Tecnologica Nacional - Facultad Regional Venado Tuerto,"Laprida 651, S2600 Venado Tuerto, Santa Fe",,"-33.741112, -61.948621",,,,,,,,,,,,,,,,,,,,,,-33.741112, -61.948621,,,,,,,,,82042,General López,820277,Venado Tuerto,82,Santa Fe,-33.741112, -61.948621
Universidad Tecnologica Nacional,Universidad Tecnologica Nacional - Facultad Regional La rioja,"Av. San Nicolás de Bari 1100, F5300 La Rioja",,"-29.409282, -66.831225",,,,,,,,,,,,,,,,,,,,,,-29.409282, -66.831225,,,,,,,,,46014,Capital,460014,Capital,46,La Rioja,-29.409282, -66.831225
Universidad Tecnologica Nacional,Universidad Tecnologica Nacional - Facultad Regional La rioja,"Av. San Nicolás de Bari 1100, F5300 La Rioja",,"-29.409282, -66.831225",,,,,,,,,,,,,,,,,,,,,,-29.409282, -66.831225,,,,,,,,,46014,Capital,460014,Capital,46,La Rioja,-29.409282, -66.831225
Universidad Tecnologica Nacional,Universidad Tecnologica Nacional - Facultad Regional La rioja,"Av. San Nicolás de Bari 1100, F5300 La Rioja",,"-29.409282, -66.831225",,,,,,,,,,,,,,,,,,,,,,-29.409282, -66.831225,,,,,,,,,46014,Capital,460014,Capital,46,La Rioja,-29.409282, -66.831225
Universidad Tecnologica Nacional,Universidad Tecnologica Nacional - Unidad Academica La rioja,"Av. San Nicolás de Bari 1100, F5300 La Rioja",,"-29.409282, -66.831225",,,,,,,,,,,,,,,,,,,,,,-29.409282, -66.831225,,,,,,,,,46014,Capital,460014,Capital,46,La Rioja,-29.409282, -66.831225
Universidad Tecnologica Nacional,Universidad Tecnologica Nacional - Unidad Academica La rioja,"Av. San Nicolás de Bari 1100, F5300 La Rioja",,"-29.409282, -66.831225",,,,,,,,,,,,,,,,,,,,,,-29.409282, -66.831225,,,,,,,,,46014,Capital,460014,Capital,46,La Rioja,-29.409282, -66.831225
Universidad Tecnologica Nacional,Universidad Tecnologica Nacional - Unidad Academica La rioja,"Av. San Nicolás de Bari 1100, F5300 La Rioja",,"-29.409282, -66.831225",,,,,,,,,,,,,,,,,,,,,,-29.409282, -66.831225,,,,,,,,,46014,Capital,460014,Capital,46,La Rioja,-29.409282, -66.831225
Universidad Tecnologica Nacional,Universidad Tecnologica Nacional - Facultad Regional La Rioja,"Av. San Nicolás de Bari 1100, F5300 La Rioja",,"-29.409282, -66.831225",,,,,,,,,,,,,,,,,,,,,,-29.409282, -66.831225,,,,,,,,,46014,Capital,460014,Capital,46,La Rioja,-29.409282, -66.831225
Universidad Tecnologica Nacional,Universidad Tecnologica Nacional - Facultad Regional La Rioja,"Av. San Nicolás de Bari 1100, F5300 La Rioja",,"-29.409282, -66.831225",,,,,,,,,,,,,,,,,,,,,,-29.409282, -66.831225,,,,,,,,,46014,Capital,460014,Capital,46,La Rioja,-29.409282, -66.831225
Universidad Tecnologica Nacional,Universidad Tecnologica Nacional - Facultad Regional La Rioja,"Av. San Nicolás de Bari 1100, F5300 La Rioja",,"-29.409282, -66.831225",,,,,,,,,,,,,,,,,,,,,,-29.409282, -66.831225,,,,,,,,,46014,Capital,460014,Capital,46,La Rioja,-29.409282, -66.831225
Universidad Tecnologica Nacional,Universidad Tecnologica Nacional - Facultad Regional Tucuman,"Bernardino Rivadavia 1050, T4001JJD San Miguel de Tucumán, Tucumán",,"-26.817167, -65.198619",,,,,,,,,,,,,,,,,,,,,,-26.817167, -65.198619,,,,,,,,,90084,Capital,900014,Municipalidad de San Miguel De Tucuman,90,Tucumán,-26.817167, -65.198619
Universidad Tecnologica Nacional,Universidad Tecnologica Nacional - Facultad Regional San Rafael,"Av. Gral. J. J. de Urquiza 314, M5600 San Rafael, Mendoza",,"-34.601548, -68.327778",,,,,,,,,,,,,,,,,,,,,,-34.601548, -68.327778,,,,,,,,,50105,San Rafael,500105,San Rafael,50,Mendoza,-34.601548, -68.327778
Universidad Tecnologica Nacional,Universidad Tecnologica Nacional - Facultad Regional La Plata,"Av. del Petroleo Argentino 417, Berisso, Buenos Aires",,"-34.904030, -57.924824",,,,,,,,,,,,,,,,,,,,,,-34.904030, -57.924824,,,,,,,,,06098,Berisso,060098,Berisso,06,Buenos Aires,-34.904030, -57.924824
Universidad Tecnologica Nacional,Universidad Tecnologica Nacional - Facultad Regional Bahia Blanca,"11 de Abril 461, B8000 Bahía Blanca, Buenos Aires",,"-38.710330, -62.264573",,,,,,,,,,,,,,,,,,,,,,-38.710330, -62.264573,,,,,,,,,06056,Bahía Blanca,060056,Bahía Blanca,06,Buenos Aires,-38.710330, -62.264573
Universidad Tecnologica Nacional,Universidad Tecnologica Nacional - Facultad Regional General Pacheco,"Av. Hipólito Yrigoyen 288, Gral. Pacheco, Buenos Aires",,"-34.456600, -58.623760",,,,,,,,,,,,,,,,,,,,,,-34.456600, -58.623760,,,,,,,,,06805,Tigre,060805,Tigre,06,Buenos Aires,-34.456600, -58.623760
Universidad Tecnologica Nacional,Universidad Tecnologica Nacional - Facultad Regional Buenos Aires,"Av. Medrano 951, C1179 AAQ, Buenos Aires",,"-34.598712, -58.420055",,,,,,,,,,,,,,,,,,,,,,-34.598712, -58.420055,,,,,,,,,02035,Comuna 5,,,02,Ciudad Autónoma de Buenos Aires,-34.598712, -58.420055
Universidad Tecnologica Nacional,Universidad Tecnologica Nacional - Facultad Regional Parana,"Av. Almafuerte 1033, E3102 SLK, Entre Ríos",,"-31.749467, -60.504221",,,,,,,,,,,,,,,,,,,,,,-31.749467, -60.504221,,,,,,,,,30084,Paraná,,,30,Entre Ríos,-31.749467, -60.504221
Universidad Tecnologica Nacional,Universidad Tecnologica Nacional - Facultad Regional San Nicolas,"Colón 332, B2900LWH San Nicolás de Los Arroyos, Buenos Aires",,"-33.332260, -60.206182",,,,,,,,,,,,,,,,,,,,,,-33.332260, -60.206182,,,,,,,,,06763,San Nicolás,060763,San Nicolás,06,Buenos Aires,-33.332260, -60.206182
Universidad Tecnologica Nacional,Universidad Tecnologica Nacional - Facultad Regional Rosario,"Zeballos 1341, S2000 Rosario, Santa Fe",,"-32.954580, -60.644244",,,,,,,,,,,,,,,,,,,,,,-32.954580, -60.644244,,,,,,,,,82084,Rosario,,,82,Santa Fe,-32.954580, -60.644244
Universidad Tecnologica Nacional,Universidad Tecnologica Nacional - Facultad Regional Resistencia,"Calle French 414, H3500CHJ Resistencia, Chaco",,"-27.451164, -58.979211",,,,,,,,,,,,,,,,,,,,,,-27.451164, -58.979211,,,,,,,,,22140,San Fernando,220413,Resistencia,22,Chaco,-27.451164, -58.979211
Universidad Tecnologica Nacional,Universidad Tecnologica Nacional - Facultad Regional Delta,"San Martín 1175, B2804 Campana, Buenos Aires",,"-34.178845, -58.962087",,,,,,,,,,,,,,,,,,,,,,-34.178845, -58.962087,,,,,,,,,06126,Campana,060126,Campana,06,Buenos Aires,-34.178845, -58.962087
